{
  "goal": [
    {
      "operation1": {
        "name": "sample name operation",
        "detail": "detail purpose of operation (summary)",
        "parameters": [
          {
            "name": "param1",
            "description": "detail param1",
            "required": true,
            "type": "string",
            "example": "value sample"
          },
          {
            "name": "param2",
            "description": "detail param2",
            "required": true,
            "type": "integer",
            "example": 12345671
          }
        ],
        "responses": {
          "description" : "description responses",
//          tipe data return [integer, string, boolean, array, object]
          "expected_data_type" : ["object", "array"]
        }
      }
    },
    {
      "operation2"
      ......
    }
  ]
}